context,model,route,quantile,thr_static,thr_moving,clean_episodes,physics_reference,minutes
timeblock,ae,independent,0.99,1.534709404458278,6.024288413219763,42,0,2.111
timeblock,ae,independent,0.995,1.749310825478593,8.706884276742482,16,0,2.111
timeblock,ae,independent,0.999,2.1211114521987735,11.994357894273058,1,0,2.111
timeblock,ae,independent,0.9995,2.261283219769882,12.137586508520727,0,0,2.111
timeblock,ae,independent,0.9999,2.5393532133901515,12.390364242597148,0,0,2.111
timeblock,ae,independent,1.0,2.7032597086296306,12.453558676116254,0,0,2.111
timeblock,ae,joint,0.99,1.534709404458278,6.024288413219763,1,0,2.111
timeblock,ae,joint,0.995,1.749310825478593,8.706884276742482,0,0,2.111
timeblock,ae,joint,0.999,2.1211114521987735,11.994357894273058,0,0,2.111
timeblock,ae,joint,0.9995,2.261283219769882,12.137586508520727,0,0,2.111
timeblock,ae,joint,0.9999,2.5393532133901515,12.390364242597148,0,0,2.111
timeblock,ae,joint,1.0,2.7032597086296306,12.453558676116254,0,0,2.111
timeblock,pred,independent,0.99,94.15866876566047,91.92880040395501,4,0,2.111
timeblock,pred,independent,0.995,109.08691860270494,100.00851470866668,3,0,2.111
timeblock,pred,independent,0.999,147.61260733783732,115.18333906008817,2,0,2.111
timeblock,pred,independent,0.9995,177.16025865575403,120.05980005116736,0,0,2.111
timeblock,pred,independent,0.9999,303.308229440992,125.31156198022545,0,0,2.111
timeblock,pred,independent,1.0,434.54470436286636,126.62450246248997,0,0,2.111
timeblock,pred,joint,0.99,94.15866876566047,91.92880040395501,0,0,2.111
timeblock,pred,joint,0.995,109.08691860270494,100.00851470866668,0,0,2.111
timeblock,pred,joint,0.999,147.61260733783732,115.18333906008817,0,0,2.111
timeblock,pred,joint,0.9995,177.16025865575403,120.05980005116736,0,0,2.111
timeblock,pred,joint,0.9999,303.308229440992,125.31156198022545,0,0,2.111
timeblock,pred,joint,1.0,434.54470436286636,126.62450246248997,0,0,2.111
timeblock,resid,independent,0.99,133.33333333333334,133.33864080457042,7,0,2.111
timeblock,resid,independent,0.995,138.3531068160655,133.34122920295098,7,0,2.111
timeblock,resid,independent,0.999,278.189300411522,136.13228000426818,1,0,2.111
timeblock,resid,independent,0.9995,370.3703703703709,138.8517780812733,0,0,2.111
timeblock,resid,independent,0.9999,677.2279835390419,139.25905812464484,0,0,2.111
timeblock,resid,independent,1.0,1028.8065843621405,139.36087813548772,0,0,2.111
timeblock,resid,joint,0.99,133.33333333333334,133.33864080457042,0,0,2.111
timeblock,resid,joint,0.995,138.3531068160655,133.34122920295098,0,0,2.111
timeblock,resid,joint,0.999,278.189300411522,136.13228000426818,0,0,2.111
timeblock,resid,joint,0.9995,370.3703703703709,138.8517780812733,0,0,2.111
timeblock,resid,joint,0.9999,677.2279835390419,139.25905812464484,0,0,2.111
timeblock,resid,joint,1.0,1028.8065843621405,139.36087813548772,0,0,2.111
loso_emptyRoom,ae,independent,0.99,1.3421407524420794,11.182415208053754,25,0,1.628
loso_emptyRoom,ae,independent,0.995,1.4948041474179394,13.714332936032847,10,0,1.628
loso_emptyRoom,ae,independent,0.999,1.8195076199004216,17.155996958145394,1,0,1.628
loso_emptyRoom,ae,independent,0.9995,1.9266243150221316,17.793850456804027,1,0,1.628
loso_emptyRoom,ae,independent,0.9999,2.5041104666879317,17.964610312119433,0,0,1.628
loso_emptyRoom,ae,independent,1.0,3.0884253868068443,18.015024617828104,0,0,1.628
loso_emptyRoom,ae,joint,0.99,1.3421407524420794,11.182415208053754,1,0,1.628
loso_emptyRoom,ae,joint,0.995,1.4948041474179394,13.714332936032847,1,0,1.628
loso_emptyRoom,ae,joint,0.999,1.8195076199004216,17.155996958145394,1,0,1.628
loso_emptyRoom,ae,joint,0.9995,1.9266243150221316,17.793850456804027,0,0,1.628
loso_emptyRoom,ae,joint,0.9999,2.5041104666879317,17.964610312119433,0,0,1.628
loso_emptyRoom,ae,joint,1.0,3.0884253868068443,18.015024617828104,0,0,1.628
loso_emptyRoom,pred,independent,0.99,102.30927622951613,129.4336790687441,2,0,1.628
loso_emptyRoom,pred,independent,0.995,111.92019223384492,231.98454015247125,1,0,1.628
loso_emptyRoom,pred,independent,0.999,143.30652474039456,498.1860926039405,0,0,1.628
loso_emptyRoom,pred,independent,0.9995,182.89872078131117,600.6130727177274,0,0,1.628
loso_emptyRoom,pred,independent,0.9999,256.8866832634725,1142.8323732351596,0,0,1.628
loso_emptyRoom,pred,independent,1.0,460.057866565866,1329.8005956349389,0,0,1.628
loso_emptyRoom,pred,joint,0.99,102.30927622951613,129.4336790687441,0,0,1.628
loso_emptyRoom,pred,joint,0.995,111.92019223384492,231.98454015247125,0,0,1.628
loso_emptyRoom,pred,joint,0.999,143.30652474039456,498.1860926039405,0,0,1.628
loso_emptyRoom,pred,joint,0.9995,182.89872078131117,600.6130727177274,0,0,1.628
loso_emptyRoom,pred,joint,0.9999,256.8866832634725,1142.8323732351596,0,0,1.628
loso_emptyRoom,pred,joint,1.0,460.057866565866,1329.8005956349389,0,0,1.628
loso_emptyRoom,resid,independent,0.99,133.33333333333334,278.25717108374454,7,0,1.628
loso_emptyRoom,resid,independent,0.995,138.66666666666666,533.3573548022954,4,0,1.628
loso_emptyRoom,resid,independent,0.999,322.63374485596773,949.8752715538398,2,0,1.628
loso_emptyRoom,resid,independent,0.9995,375.7037037037042,1002.78640670131,2,0,1.628
loso_emptyRoom,resid,independent,0.9999,688.5771193415164,1590.4799938574617,0,0,1.628
loso_emptyRoom,resid,independent,1.0,1028.8065843621405,1797.3702774084388,0,0,1.628
loso_emptyRoom,resid,joint,0.99,133.33333333333334,278.25717108374454,1,0,1.628
loso_emptyRoom,resid,joint,0.995,138.66666666666666,533.3573548022954,0,0,1.628
loso_emptyRoom,resid,joint,0.999,322.63374485596773,949.8752715538398,0,0,1.628
loso_emptyRoom,resid,joint,0.9995,375.7037037037042,1002.78640670131,0,0,1.628
loso_emptyRoom,resid,joint,0.9999,688.5771193415164,1590.4799938574617,0,0,1.628
loso_emptyRoom,resid,joint,1.0,1028.8065843621405,1797.3702774084388,0,0,1.628
loso_onePersonMovingFrontAndBack,ae,independent,0.99,1.5430299322356427,5.599355856636586,28,0,1.656
loso_onePersonMovingFrontAndBack,ae,independent,0.995,1.722545677431688,8.314279004570057,17,0,1.656
loso_onePersonMovingFrontAndBack,ae,independent,0.999,2.099791852205724,11.906136239151428,1,0,1.656
loso_onePersonMovingFrontAndBack,ae,independent,0.9995,2.2398145645008363,12.337095196025045,0,0,1.656
loso_onePersonMovingFrontAndBack,ae,independent,0.9999,2.3738467328520376,13.061055445583888,0,0,1.656
loso_onePersonMovingFrontAndBack,ae,independent,1.0,2.882671450729801,13.256122211094057,0,0,1.656
loso_onePersonMovingFrontAndBack,ae,joint,0.99,1.5430299322356427,5.599355856636586,0,0,1.656
loso_onePersonMovingFrontAndBack,ae,joint,0.995,1.722545677431688,8.314279004570057,0,0,1.656
loso_onePersonMovingFrontAndBack,ae,joint,0.999,2.099791852205724,11.906136239151428,0,0,1.656
loso_onePersonMovingFrontAndBack,ae,joint,0.9995,2.2398145645008363,12.337095196025045,0,0,1.656
loso_onePersonMovingFrontAndBack,ae,joint,0.9999,2.3738467328520376,13.061055445583888,0,0,1.656
loso_onePersonMovingFrontAndBack,ae,joint,1.0,2.882671450729801,13.256122211094057,0,0,1.656
loso_onePersonMovingFrontAndBack,pred,independent,0.99,94.53963279346328,108.19806094179108,0,0,1.656
loso_onePersonMovingFrontAndBack,pred,independent,0.995,108.39616496705831,115.54229764039405,0,0,1.656
loso_onePersonMovingFrontAndBack,pred,independent,0.999,126.1958904978678,171.26775062744568,0,0,1.656
loso_onePersonMovingFrontAndBack,pred,independent,0.9995,153.3732521545319,232.3161695746583,0,0,1.656
loso_onePersonMovingFrontAndBack,pred,independent,0.9999,230.29964062348648,289.27284668902837,0,0,1.656
loso_onePersonMovingFrontAndBack,pred,independent,1.0,447.4259554690833,303.67345219468774,0,0,1.656
loso_onePersonMovingFrontAndBack,pred,joint,0.99,94.53963279346328,108.19806094179108,0,0,1.656
loso_onePersonMovingFrontAndBack,pred,joint,0.995,108.39616496705831,115.54229764039405,0,0,1.656
loso_onePersonMovingFrontAndBack,pred,joint,0.999,126.1958904978678,171.26775062744568,0,0,1.656
loso_onePersonMovingFrontAndBack,pred,joint,0.9995,153.3732521545319,232.3161695746583,0,0,1.656
loso_onePersonMovingFrontAndBack,pred,joint,0.9999,230.29964062348648,289.27284668902837,0,0,1.656
loso_onePersonMovingFrontAndBack,pred,joint,1.0,447.4259554690833,303.67345219468774,0,0,1.656
loso_onePersonMovingFrontAndBack,resid,independent,0.99,133.33333333333334,133.36104861718178,3,0,1.656
loso_onePersonMovingFrontAndBack,resid,independent,0.995,133.3381321399502,138.67239578597454,3,0,1.656
loso_onePersonMovingFrontAndBack,resid,independent,0.999,242.37037037036995,268.0259519396458,1,0,1.656
loso_onePersonMovingFrontAndBack,resid,independent,0.9995,327.96707818930105,278.2132187014832,1,0,1.656
loso_onePersonMovingFrontAndBack,resid,independent,0.9999,457.02781892992937,575.832933385838,0,0,1.656
loso_onePersonMovingFrontAndBack,resid,independent,1.0,725.9259259259252,663.4304737465944,0,0,1.656
loso_onePersonMovingFrontAndBack,resid,joint,0.99,133.33333333333334,133.36104861718178,0,0,1.656
loso_onePersonMovingFrontAndBack,resid,joint,0.995,133.3381321399502,138.67239578597454,0,0,1.656
loso_onePersonMovingFrontAndBack,resid,joint,0.999,242.37037037036995,268.0259519396458,0,0,1.656
loso_onePersonMovingFrontAndBack,resid,joint,0.9995,327.96707818930105,278.2132187014832,0,0,1.656
loso_onePersonMovingFrontAndBack,resid,joint,0.9999,457.02781892992937,575.832933385838,0,0,1.656
loso_onePersonMovingFrontAndBack,resid,joint,1.0,725.9259259259252,663.4304737465944,0,0,1.656
loso_onePersonMovingSideToSide,ae,independent,0.99,1.4967256396910311,14.17417954876155,23,0,1.56
loso_onePersonMovingSideToSide,ae,independent,0.995,1.667766511771947,16.654238861093052,13,0,1.56
loso_onePersonMovingSideToSide,ae,independent,0.999,2.117464793338811,20.9651739181602,1,0,1.56
loso_onePersonMovingSideToSide,ae,independent,0.9995,2.2423111926732484,22.056393513648217,1,0,1.56
loso_onePersonMovingSideToSide,ae,independent,0.9999,2.8482114114208126,22.14184446981405,0,0,1.56
loso_onePersonMovingSideToSide,ae,independent,1.0,3.574022847181866,22.16320720885552,0,0,1.56
loso_onePersonMovingSideToSide,ae,joint,0.99,1.4967256396910311,14.17417954876155,1,0,1.56
loso_onePersonMovingSideToSide,ae,joint,0.995,1.667766511771947,16.654238861093052,1,0,1.56
loso_onePersonMovingSideToSide,ae,joint,0.999,2.117464793338811,20.9651739181602,0,0,1.56
loso_onePersonMovingSideToSide,ae,joint,0.9995,2.2423111926732484,22.056393513648217,0,0,1.56
loso_onePersonMovingSideToSide,ae,joint,0.9999,2.8482114114208126,22.14184446981405,0,0,1.56
loso_onePersonMovingSideToSide,ae,joint,1.0,3.574022847181866,22.16320720885552,0,0,1.56
loso_onePersonMovingSideToSide,pred,independent,0.99,99.12715474827418,159.28104284320764,1,0,1.56
loso_onePersonMovingSideToSide,pred,independent,0.995,110.53207608021363,258.7156336033084,0,0,1.56
loso_onePersonMovingSideToSide,pred,independent,0.999,138.4572157308777,538.7150493340256,0,0,1.56
loso_onePersonMovingSideToSide,pred,independent,0.9995,181.73019752910642,626.0687737368952,0,0,1.56
loso_onePersonMovingSideToSide,pred,independent,0.9999,258.3660332590533,1156.9652442718148,0,0,1.56
loso_onePersonMovingSideToSide,pred,independent,1.0,454.84408143784276,1289.6893619056204,0,0,1.56
loso_onePersonMovingSideToSide,pred,joint,0.99,99.12715474827418,159.28104284320764,0,0,1.56
loso_onePersonMovingSideToSide,pred,joint,0.995,110.53207608021363,258.7156336033084,0,0,1.56
loso_onePersonMovingSideToSide,pred,joint,0.999,138.4572157308777,538.7150493340256,0,0,1.56
loso_onePersonMovingSideToSide,pred,joint,0.9995,181.73019752910642,626.0687737368952,0,0,1.56
loso_onePersonMovingSideToSide,pred,joint,0.9999,258.3660332590533,1156.9652442718148,0,0,1.56
loso_onePersonMovingSideToSide,pred,joint,1.0,454.84408143784276,1289.6893619056204,0,0,1.56
loso_onePersonMovingSideToSide,resid,independent,0.99,133.33333333333334,327.4812195378157,5,0,1.56
loso_onePersonMovingSideToSide,resid,independent,0.995,138.66666666666666,658.4746385968136,4,0,1.56
loso_onePersonMovingSideToSide,resid,independent,0.999,290.99285596703453,954.2990966009833,2,0,1.56
loso_onePersonMovingSideToSide,resid,independent,0.9995,370.3703703703709,1032.6749839771155,2,0,1.56
loso_onePersonMovingSideToSide,resid,independent,0.9999,693.4701234568802,1644.4572438810155,0,0,1.56
loso_onePersonMovingSideToSide,resid,independent,1.0,1028.8065843621405,1797.4028088570778,0,0,1.56
loso_onePersonMovingSideToSide,resid,joint,0.99,133.33333333333334,327.4812195378157,0,0,1.56
loso_onePersonMovingSideToSide,resid,joint,0.995,138.66666666666666,658.4746385968136,0,0,1.56
loso_onePersonMovingSideToSide,resid,joint,0.999,290.99285596703453,954.2990966009833,0,0,1.56
loso_onePersonMovingSideToSide,resid,joint,0.9995,370.3703703703709,1032.6749839771155,0,0,1.56
loso_onePersonMovingSideToSide,resid,joint,0.9999,693.4701234568802,1644.4572438810155,0,0,1.56
loso_onePersonMovingSideToSide,resid,joint,1.0,1028.8065843621405,1797.4028088570778,0,0,1.56
loso_multiplePeopleChaotic,ae,independent,0.99,1.9389704467985482,53.32184601099836,20,0,1.493
loso_multiplePeopleChaotic,ae,independent,0.995,2.15253612208018,58.0559354800531,12,0,1.493
loso_multiplePeopleChaotic,ae,independent,0.999,2.729175259647122,70.09450557691018,2,0,1.493
loso_multiplePeopleChaotic,ae,independent,0.9995,3.145324312631997,71.42362152273688,1,0,1.493
loso_multiplePeopleChaotic,ae,independent,0.9999,3.7487821870969764,72.34544237501474,0,0,1.493
loso_multiplePeopleChaotic,ae,independent,1.0,4.486780301588001,72.57589758808398,0,0,1.493
loso_multiplePeopleChaotic,ae,joint,0.99,1.9389704467985482,53.32184601099836,1,0,1.493
loso_multiplePeopleChaotic,ae,joint,0.995,2.15253612208018,58.0559354800531,1,0,1.493
loso_multiplePeopleChaotic,ae,joint,0.999,2.729175259647122,70.09450557691018,0,0,1.493
loso_multiplePeopleChaotic,ae,joint,0.9995,3.145324312631997,71.42362152273688,0,0,1.493
loso_multiplePeopleChaotic,ae,joint,0.9999,3.7487821870969764,72.34544237501474,0,0,1.493
loso_multiplePeopleChaotic,ae,joint,1.0,4.486780301588001,72.57589758808398,0,0,1.493
loso_multiplePeopleChaotic,pred,independent,0.99,94.14881296541832,275.2027105276899,2,0,1.493
loso_multiplePeopleChaotic,pred,independent,0.995,108.3265721642395,325.0937453661489,0,0,1.493
loso_multiplePeopleChaotic,pred,independent,0.999,128.0435552038075,634.2805561055758,0,0,1.493
loso_multiplePeopleChaotic,pred,independent,0.9995,154.1844198340848,941.3958647472547,0,0,1.493
loso_multiplePeopleChaotic,pred,independent,0.9999,237.5624449559494,1243.1715368303774,0,0,1.493
loso_multiplePeopleChaotic,pred,independent,1.0,446.1243246678363,1318.6154548510815,0,0,1.493
loso_multiplePeopleChaotic,pred,joint,0.99,94.14881296541832,275.2027105276899,0,0,1.493
loso_multiplePeopleChaotic,pred,joint,0.995,108.3265721642395,325.0937453661489,0,0,1.493
loso_multiplePeopleChaotic,pred,joint,0.999,128.0435552038075,634.2805561055758,0,0,1.493
loso_multiplePeopleChaotic,pred,joint,0.9995,154.1844198340848,941.3958647472547,0,0,1.493
loso_multiplePeopleChaotic,pred,joint,0.9999,237.5624449559494,1243.1715368303774,0,0,1.493
loso_multiplePeopleChaotic,pred,joint,1.0,446.1243246678363,1318.6154548510815,0,0,1.493
loso_multiplePeopleChaotic,resid,independent,0.99,133.33333333333334,634.7169605291609,5,0,1.493
loso_multiplePeopleChaotic,resid,independent,0.995,138.66666666666663,801.5653944684415,3,0,1.493
loso_multiplePeopleChaotic,resid,independent,0.999,235.3510452674426,1019.8749279895776,1,0,1.493
loso_multiplePeopleChaotic,resid,independent,0.9995,322.63374485596773,1367.3484078761148,1,0,1.493
loso_multiplePeopleChaotic,resid,independent,0.9999,524.0312757199463,1711.3216832589999,0,0,1.493
loso_multiplePeopleChaotic,resid,independent,1.0,1028.8065843621405,1797.3150021046338,0,0,1.493
loso_multiplePeopleChaotic,resid,joint,0.99,133.33333333333334,634.7169605291609,1,0,1.493
loso_multiplePeopleChaotic,resid,joint,0.995,138.66666666666663,801.5653944684415,0,0,1.493
loso_multiplePeopleChaotic,resid,joint,0.999,235.3510452674426,1019.8749279895776,0,0,1.493
loso_multiplePeopleChaotic,resid,joint,0.9995,322.63374485596773,1367.3484078761148,0,0,1.493
loso_multiplePeopleChaotic,resid,joint,0.9999,524.0312757199463,1711.3216832589999,0,0,1.493
loso_multiplePeopleChaotic,resid,joint,1.0,1028.8065843621405,1797.3150021046338,0,0,1.493
