split,fold,file,segment_lo,segment_hi,attack_type,level,motion_case,replay_provenance,replay_variant,effective_seed,attack_id
loso,emptyRoom.csv,emptyRoom.csv,0,4378,T1,A3,moving,not_applicable,not_applicable,1954658068,1
loso,emptyRoom.csv,emptyRoom.csv,0,4378,T1,A3,moving,not_applicable,not_applicable,1954658068,2
loso,multiplePeopleChaotic.csv,multiplePeopleChaotic.csv,0,5597,T1,A3,moving,not_applicable,not_applicable,1127923152,0
loso,multiplePeopleChaotic.csv,multiplePeopleChaotic.csv,0,5597,T1,A3,moving,not_applicable,not_applicable,1127923152,5
loso,multiplePeopleChaotic.csv,multiplePeopleChaotic.csv,0,5597,T1,A3,moving,not_applicable,not_applicable,1218999588,4
loso,multiplePeopleChaotic.csv,multiplePeopleChaotic.csv,0,5597,T1,A3,moving,not_applicable,not_applicable,1926383459,0
loso,multiplePeopleChaotic.csv,multiplePeopleChaotic.csv,0,5597,T1,A3,moving,not_applicable,not_applicable,1926383459,4
loso,multiplePeopleChaotic.csv,multiplePeopleChaotic.csv,0,5597,T1,A3,moving,not_applicable,not_applicable,1926383459,5
loso,multiplePeopleChaotic.csv,multiplePeopleChaotic.csv,0,5597,T1,A3,moving,not_applicable,not_applicable,2958237382,0
loso,multiplePeopleChaotic.csv,multiplePeopleChaotic.csv,0,5597,T1,A3,moving,not_applicable,not_applicable,4165129670,1
loso,multiplePeopleChaotic.csv,multiplePeopleChaotic.csv,0,5597,T1,A3,moving,not_applicable,not_applicable,592467769,4
loso,multiplePeopleChaotic.csv,multiplePeopleChaotic.csv,0,5597,T1,A3,static,not_applicable,not_applicable,1218999588,0
loso,multiplePeopleChaotic.csv,multiplePeopleChaotic.csv,0,5597,T1,A3,static,not_applicable,not_applicable,4165129670,3
loso,multiplePeopleChaotic.csv,multiplePeopleChaotic.csv,0,5597,T1,A3,static,not_applicable,not_applicable,4165129670,4
loso,multiplePeopleChaotic.csv,multiplePeopleChaotic.csv,0,5597,T1,A3,static,not_applicable,not_applicable,783180208,2
loso,multiplePeopleChaotic.csv,multiplePeopleChaotic.csv,0,5597,T1,A3,static,not_applicable,not_applicable,783180208,5
loso,multiplePeopleChaotic.csv,multiplePeopleChaotic.csv,0,5597,T1,A4,moving,not_applicable,not_applicable,1926383459,1
loso,multiplePeopleChaotic.csv,multiplePeopleChaotic.csv,0,5597,T1,A4,static,not_applicable,not_applicable,1218999588,0
loso,multiplePeopleChaotic.csv,multiplePeopleChaotic.csv,0,5597,T1,A4,static,not_applicable,not_applicable,2958237382,5
loso,multiplePeopleChaotic.csv,multiplePeopleChaotic.csv,0,5597,T1,A4,static,not_applicable,not_applicable,4165129670,3
loso,multiplePeopleChaotic.csv,multiplePeopleChaotic.csv,0,5597,T1,A4,static,not_applicable,not_applicable,4165129670,4
loso,multiplePeopleChaotic.csv,multiplePeopleChaotic.csv,0,5597,T1,A4,static,not_applicable,not_applicable,783180208,2
loso,multiplePeopleChaotic.csv,multiplePeopleChaotic.csv,0,5597,T1,A4,static,not_applicable,not_applicable,783180208,5
loso,multiplePeopleChaotic.csv,multiplePeopleChaotic.csv,0,5597,T3,A3,moving,earlier_stream,exact,592467769,5
loso,multiplePeopleChaotic.csv,multiplePeopleChaotic.csv,0,5597,T3,A3,moving,earlier_stream,translated,2958237382,5
loso,multiplePeopleChaotic.csv,multiplePeopleChaotic.csv,0,5597,T3,A3,moving,earlier_stream,translated,592467769,3
loso,multiplePeopleChaotic.csv,multiplePeopleChaotic.csv,0,5597,T3,A3,moving,earlier_stream,translated,783180208,5
loso,multiplePeopleChaotic.csv,multiplePeopleChaotic.csv,0,5597,T3,A3,moving,training,exact,1218999588,5
loso,multiplePeopleChaotic.csv,multiplePeopleChaotic.csv,0,5597,T3,A3,moving,training,translated,1926383459,4
loso,multiplePeopleChaotic.csv,multiplePeopleChaotic.csv,0,5597,T3,A3,moving,training,translated,4165129670,4
loso,multiplePeopleChaotic.csv,multiplePeopleChaotic.csv,0,5597,T3,A3,moving,training,translated,592467769,2
loso,multiplePeopleChaotic.csv,multiplePeopleChaotic.csv,0,5597,T3,A3,moving,unseen,exact,1926383459,0
loso,multiplePeopleChaotic.csv,multiplePeopleChaotic.csv,0,5597,T3,A3,moving,unseen,translated,4165129670,1
loso,multiplePeopleChaotic.csv,multiplePeopleChaotic.csv,0,5597,T3,A3,moving,unseen,translated,621272063,0
loso,multiplePeopleChaotic.csv,multiplePeopleChaotic.csv,0,5597,T3,A4,moving,earlier_stream,exact,592467769,5
loso,multiplePeopleChaotic.csv,multiplePeopleChaotic.csv,0,5597,T3,A4,moving,earlier_stream,translated,2958237382,5
loso,multiplePeopleChaotic.csv,multiplePeopleChaotic.csv,0,5597,T3,A4,moving,earlier_stream,translated,592467769,3
loso,multiplePeopleChaotic.csv,multiplePeopleChaotic.csv,0,5597,T3,A4,moving,earlier_stream,translated,783180208,5
loso,multiplePeopleChaotic.csv,multiplePeopleChaotic.csv,0,5597,T3,A4,moving,training,exact,1218999588,5
loso,multiplePeopleChaotic.csv,multiplePeopleChaotic.csv,0,5597,T3,A4,moving,training,translated,1926383459,4
loso,multiplePeopleChaotic.csv,multiplePeopleChaotic.csv,0,5597,T3,A4,moving,training,translated,4165129670,4
loso,multiplePeopleChaotic.csv,multiplePeopleChaotic.csv,0,5597,T3,A4,moving,training,translated,592467769,2
loso,multiplePeopleChaotic.csv,multiplePeopleChaotic.csv,0,5597,T3,A4,moving,unseen,exact,1926383459,0
loso,multiplePeopleChaotic.csv,multiplePeopleChaotic.csv,0,5597,T3,A4,moving,unseen,translated,4165129670,1
loso,multiplePeopleChaotic.csv,multiplePeopleChaotic.csv,0,5597,T3,A4,moving,unseen,translated,621272063,0
loso,multiplePeopleChaotic.csv,multiplePeopleChaotic.csv,0,5597,T4,A2,moving,not_applicable,not_applicable,1218999588,0
loso,multiplePeopleChaotic.csv,multiplePeopleChaotic.csv,0,5597,T4,A2,moving,not_applicable,not_applicable,1218999588,5
loso,multiplePeopleChaotic.csv,multiplePeopleChaotic.csv,0,5597,T4,A2,moving,not_applicable,not_applicable,2958237382,5
loso,multiplePeopleChaotic.csv,multiplePeopleChaotic.csv,0,5597,T4,A2,moving,not_applicable,not_applicable,4165129670,3
loso,multiplePeopleChaotic.csv,multiplePeopleChaotic.csv,0,5597,T4,A2,moving,not_applicable,not_applicable,592467769,0
loso,multiplePeopleChaotic.csv,multiplePeopleChaotic.csv,0,5597,T4,A2,moving,not_applicable,not_applicable,592467769,2
loso,multiplePeopleChaotic.csv,multiplePeopleChaotic.csv,0,5597,T4,A2,moving,not_applicable,not_applicable,621272063,5
loso,multiplePeopleChaotic.csv,multiplePeopleChaotic.csv,0,5597,T4,A3,moving,not_applicable,not_applicable,1218999588,0
loso,multiplePeopleChaotic.csv,multiplePeopleChaotic.csv,0,5597,T4,A3,moving,not_applicable,not_applicable,1218999588,5
loso,multiplePeopleChaotic.csv,multiplePeopleChaotic.csv,0,5597,T4,A3,moving,not_applicable,not_applicable,2958237382,5
loso,multiplePeopleChaotic.csv,multiplePeopleChaotic.csv,0,5597,T4,A3,moving,not_applicable,not_applicable,4165129670,3
loso,multiplePeopleChaotic.csv,multiplePeopleChaotic.csv,0,5597,T4,A3,moving,not_applicable,not_applicable,592467769,0
loso,multiplePeopleChaotic.csv,multiplePeopleChaotic.csv,0,5597,T4,A3,moving,not_applicable,not_applicable,592467769,2
loso,multiplePeopleChaotic.csv,multiplePeopleChaotic.csv,0,5597,T4,A3,moving,not_applicable,not_applicable,621272063,3
loso,multiplePeopleChaotic.csv,multiplePeopleChaotic.csv,0,5597,T4,A3,moving,not_applicable,not_applicable,621272063,5
loso,multiplePeopleChaotic.csv,multiplePeopleChaotic.csv,0,5597,T4,A4,moving,not_applicable,not_applicable,1218999588,0
loso,multiplePeopleChaotic.csv,multiplePeopleChaotic.csv,0,5597,T4,A4,moving,not_applicable,not_applicable,1218999588,5
loso,multiplePeopleChaotic.csv,multiplePeopleChaotic.csv,0,5597,T4,A4,moving,not_applicable,not_applicable,2958237382,5
loso,multiplePeopleChaotic.csv,multiplePeopleChaotic.csv,0,5597,T4,A4,moving,not_applicable,not_applicable,4165129670,3
loso,multiplePeopleChaotic.csv,multiplePeopleChaotic.csv,0,5597,T4,A4,moving,not_applicable,not_applicable,592467769,0
loso,multiplePeopleChaotic.csv,multiplePeopleChaotic.csv,0,5597,T4,A4,moving,not_applicable,not_applicable,592467769,2
loso,multiplePeopleChaotic.csv,multiplePeopleChaotic.csv,0,5597,T4,A4,moving,not_applicable,not_applicable,621272063,3
loso,multiplePeopleChaotic.csv,multiplePeopleChaotic.csv,0,5597,T4,A4,moving,not_applicable,not_applicable,621272063,5
loso,onePersonMovingFrontAndBack.csv,onePersonMovingFrontAndBack.csv,0,4127,T1,A3,moving,not_applicable,not_applicable,1127923152,1
loso,onePersonMovingFrontAndBack.csv,onePersonMovingFrontAndBack.csv,0,4127,T1,A3,moving,not_applicable,not_applicable,4165129670,3
loso,onePersonMovingFrontAndBack.csv,onePersonMovingFrontAndBack.csv,0,4127,T1,A3,moving,not_applicable,not_applicable,783180208,1
loso,onePersonMovingFrontAndBack.csv,onePersonMovingFrontAndBack.csv,0,4127,T3,A3,moving,unseen,translated,2958237382,0
loso,onePersonMovingFrontAndBack.csv,onePersonMovingFrontAndBack.csv,0,4127,T3,A3,moving,unseen,translated,4165129670,0
loso,onePersonMovingFrontAndBack.csv,onePersonMovingFrontAndBack.csv,0,4127,T3,A3,moving,unseen,translated,621272063,1
loso,onePersonMovingFrontAndBack.csv,onePersonMovingFrontAndBack.csv,0,4127,T3,A4,moving,unseen,translated,2958237382,0
loso,onePersonMovingFrontAndBack.csv,onePersonMovingFrontAndBack.csv,0,4127,T3,A4,moving,unseen,translated,4165129670,0
loso,onePersonMovingFrontAndBack.csv,onePersonMovingFrontAndBack.csv,0,4127,T3,A4,moving,unseen,translated,621272063,1
loso,onePersonMovingFrontAndBack.csv,onePersonMovingFrontAndBack.csv,0,4127,T4,A2,moving,not_applicable,not_applicable,1127923152,0
loso,onePersonMovingFrontAndBack.csv,onePersonMovingFrontAndBack.csv,0,4127,T4,A2,moving,not_applicable,not_applicable,1926383459,0
loso,onePersonMovingFrontAndBack.csv,onePersonMovingFrontAndBack.csv,0,4127,T4,A2,moving,not_applicable,not_applicable,621272063,0
loso,onePersonMovingFrontAndBack.csv,onePersonMovingFrontAndBack.csv,0,4127,T4,A3,moving,not_applicable,not_applicable,1127923152,0
loso,onePersonMovingFrontAndBack.csv,onePersonMovingFrontAndBack.csv,0,4127,T4,A3,moving,not_applicable,not_applicable,1926383459,0
loso,onePersonMovingFrontAndBack.csv,onePersonMovingFrontAndBack.csv,0,4127,T4,A3,moving,not_applicable,not_applicable,621272063,0
loso,onePersonMovingFrontAndBack.csv,onePersonMovingFrontAndBack.csv,0,4127,T4,A4,moving,not_applicable,not_applicable,1127923152,0
loso,onePersonMovingFrontAndBack.csv,onePersonMovingFrontAndBack.csv,0,4127,T4,A4,moving,not_applicable,not_applicable,1926383459,0
loso,onePersonMovingFrontAndBack.csv,onePersonMovingFrontAndBack.csv,0,4127,T4,A4,moving,not_applicable,not_applicable,621272063,0
loso,onePersonMovingSideToSide.csv,onePersonMovingSideToSide.csv,0,4993,T1,A3,moving,not_applicable,not_applicable,1926383459,4
loso,onePersonMovingSideToSide.csv,onePersonMovingSideToSide.csv,0,4993,T1,A3,moving,not_applicable,not_applicable,2958237382,3
loso,onePersonMovingSideToSide.csv,onePersonMovingSideToSide.csv,0,4993,T1,A3,moving,not_applicable,not_applicable,592467769,5
loso,onePersonMovingSideToSide.csv,onePersonMovingSideToSide.csv,0,4993,T1,A3,moving,not_applicable,not_applicable,783180208,0
loso,onePersonMovingSideToSide.csv,onePersonMovingSideToSide.csv,0,4993,T1,A3,moving,not_applicable,not_applicable,783180208,3
loso,onePersonMovingSideToSide.csv,onePersonMovingSideToSide.csv,0,4993,T1,A3,static,not_applicable,not_applicable,783180208,1
loso,onePersonMovingSideToSide.csv,onePersonMovingSideToSide.csv,0,4993,T1,A4,moving,not_applicable,not_applicable,621272063,5
loso,onePersonMovingSideToSide.csv,onePersonMovingSideToSide.csv,0,4993,T1,A4,static,not_applicable,not_applicable,783180208,1
loso,onePersonMovingSideToSide.csv,onePersonMovingSideToSide.csv,0,4993,T2,A3,moving,not_applicable,not_applicable,592467769,4
loso,onePersonMovingSideToSide.csv,onePersonMovingSideToSide.csv,0,4993,T2,A4,moving,not_applicable,not_applicable,1218999588,3
loso,onePersonMovingSideToSide.csv,onePersonMovingSideToSide.csv,0,4993,T3,A3,moving,earlier_stream,exact,1926383459,3
loso,onePersonMovingSideToSide.csv,onePersonMovingSideToSide.csv,0,4993,T3,A3,moving,training,exact,1218999588,3
loso,onePersonMovingSideToSide.csv,onePersonMovingSideToSide.csv,0,4993,T3,A3,moving,training,exact,1926383459,2
loso,onePersonMovingSideToSide.csv,onePersonMovingSideToSide.csv,0,4993,T3,A3,moving,training,exact,1926383459,4
loso,onePersonMovingSideToSide.csv,onePersonMovingSideToSide.csv,0,4993,T3,A3,moving,training,exact,1954658068,5
loso,onePersonMovingSideToSide.csv,onePersonMovingSideToSide.csv,0,4993,T3,A3,moving,training,exact,2958237382,0
loso,onePersonMovingSideToSide.csv,onePersonMovingSideToSide.csv,0,4993,T3,A3,moving,training,translated,2958237382,3
loso,onePersonMovingSideToSide.csv,onePersonMovingSideToSide.csv,0,4993,T3,A3,moving,unseen,exact,621272063,4
loso,onePersonMovingSideToSide.csv,onePersonMovingSideToSide.csv,0,4993,T3,A3,moving,unseen,translated,592467769,2
loso,onePersonMovingSideToSide.csv,onePersonMovingSideToSide.csv,0,4993,T3,A3,moving,unseen,translated,621272063,1
loso,onePersonMovingSideToSide.csv,onePersonMovingSideToSide.csv,0,4993,T3,A4,moving,earlier_stream,exact,1926383459,3
loso,onePersonMovingSideToSide.csv,onePersonMovingSideToSide.csv,0,4993,T3,A4,moving,training,exact,1218999588,3
loso,onePersonMovingSideToSide.csv,onePersonMovingSideToSide.csv,0,4993,T3,A4,moving,training,exact,1926383459,2
loso,onePersonMovingSideToSide.csv,onePersonMovingSideToSide.csv,0,4993,T3,A4,moving,training,exact,1926383459,4
loso,onePersonMovingSideToSide.csv,onePersonMovingSideToSide.csv,0,4993,T3,A4,moving,training,exact,1954658068,5
loso,onePersonMovingSideToSide.csv,onePersonMovingSideToSide.csv,0,4993,T3,A4,moving,training,exact,2958237382,0
loso,onePersonMovingSideToSide.csv,onePersonMovingSideToSide.csv,0,4993,T3,A4,moving,training,translated,2958237382,3
loso,onePersonMovingSideToSide.csv,onePersonMovingSideToSide.csv,0,4993,T3,A4,moving,unseen,exact,621272063,4
loso,onePersonMovingSideToSide.csv,onePersonMovingSideToSide.csv,0,4993,T3,A4,moving,unseen,translated,592467769,2
loso,onePersonMovingSideToSide.csv,onePersonMovingSideToSide.csv,0,4993,T3,A4,moving,unseen,translated,621272063,1
loso,onePersonMovingSideToSide.csv,onePersonMovingSideToSide.csv,0,4993,T4,A2,moving,not_applicable,not_applicable,1218999588,0
loso,onePersonMovingSideToSide.csv,onePersonMovingSideToSide.csv,0,4993,T4,A2,moving,not_applicable,not_applicable,2958237382,0
loso,onePersonMovingSideToSide.csv,onePersonMovingSideToSide.csv,0,4993,T4,A2,moving,not_applicable,not_applicable,783180208,2
loso,onePersonMovingSideToSide.csv,onePersonMovingSideToSide.csv,0,4993,T4,A3,moving,not_applicable,not_applicable,1218999588,0
loso,onePersonMovingSideToSide.csv,onePersonMovingSideToSide.csv,0,4993,T4,A3,moving,not_applicable,not_applicable,2958237382,0
loso,onePersonMovingSideToSide.csv,onePersonMovingSideToSide.csv,0,4993,T4,A3,moving,not_applicable,not_applicable,783180208,2
loso,onePersonMovingSideToSide.csv,onePersonMovingSideToSide.csv,0,4993,T4,A4,moving,not_applicable,not_applicable,1218999588,0
loso,onePersonMovingSideToSide.csv,onePersonMovingSideToSide.csv,0,4993,T4,A4,moving,not_applicable,not_applicable,2958237382,0
loso,onePersonMovingSideToSide.csv,onePersonMovingSideToSide.csv,0,4993,T4,A4,moving,not_applicable,not_applicable,783180208,2
timeblock,timeblock,emptyRoom.csv,3502,4378,T1,A3,moving,not_applicable,not_applicable,1127923152,0
timeblock,timeblock,emptyRoom.csv,3502,4378,T1,A3,static,not_applicable,not_applicable,1954658068,3
timeblock,timeblock,emptyRoom.csv,3502,4378,T1,A4,static,not_applicable,not_applicable,1127923152,1
timeblock,timeblock,emptyRoom.csv,3502,4378,T1,A4,static,not_applicable,not_applicable,1954658068,3
timeblock,timeblock,emptyRoom.csv,3502,4378,T1,A4,static,not_applicable,not_applicable,1954658068,4
timeblock,timeblock,emptyRoom.csv,3502,4378,T3,A3,moving,unseen,exact,1218999588,4
timeblock,timeblock,emptyRoom.csv,3502,4378,T3,A4,moving,unseen,exact,1218999588,4
timeblock,timeblock,multiplePeopleChaotic.csv,4477,5597,T1,A3,moving,not_applicable,not_applicable,1127923152,0
timeblock,timeblock,multiplePeopleChaotic.csv,4477,5597,T1,A3,moving,not_applicable,not_applicable,1127923152,5
timeblock,timeblock,multiplePeopleChaotic.csv,4477,5597,T1,A3,moving,not_applicable,not_applicable,783180208,3
timeblock,timeblock,multiplePeopleChaotic.csv,4477,5597,T1,A3,static,not_applicable,not_applicable,1926383459,1
timeblock,timeblock,multiplePeopleChaotic.csv,4477,5597,T1,A3,static,not_applicable,not_applicable,621272063,2
timeblock,timeblock,multiplePeopleChaotic.csv,4477,5597,T1,A4,static,not_applicable,not_applicable,1127923152,1
timeblock,timeblock,multiplePeopleChaotic.csv,4477,5597,T1,A4,static,not_applicable,not_applicable,1926383459,1
timeblock,timeblock,multiplePeopleChaotic.csv,4477,5597,T1,A4,static,not_applicable,not_applicable,1926383459,5
timeblock,timeblock,multiplePeopleChaotic.csv,4477,5597,T1,A4,static,not_applicable,not_applicable,4165129670,5
timeblock,timeblock,multiplePeopleChaotic.csv,4477,5597,T1,A4,static,not_applicable,not_applicable,621272063,2
timeblock,timeblock,multiplePeopleChaotic.csv,4477,5597,T3,A3,moving,earlier_stream,translated,2958237382,2
timeblock,timeblock,multiplePeopleChaotic.csv,4477,5597,T3,A3,moving,training,exact,1954658068,3
timeblock,timeblock,multiplePeopleChaotic.csv,4477,5597,T3,A3,moving,unseen,exact,1218999588,2
timeblock,timeblock,multiplePeopleChaotic.csv,4477,5597,T3,A3,moving,unseen,translated,1127923152,5
timeblock,timeblock,multiplePeopleChaotic.csv,4477,5597,T3,A3,moving,unseen,translated,1926383459,1
timeblock,timeblock,multiplePeopleChaotic.csv,4477,5597,T3,A3,moving,unseen,translated,1954658068,4
timeblock,timeblock,multiplePeopleChaotic.csv,4477,5597,T3,A3,moving,unseen,translated,2958237382,2
timeblock,timeblock,multiplePeopleChaotic.csv,4477,5597,T3,A3,moving,unseen,translated,621272063,0
timeblock,timeblock,multiplePeopleChaotic.csv,4477,5597,T3,A3,moving,unseen,translated,783180208,4
timeblock,timeblock,multiplePeopleChaotic.csv,4477,5597,T3,A4,moving,earlier_stream,translated,2958237382,2
timeblock,timeblock,multiplePeopleChaotic.csv,4477,5597,T3,A4,moving,training,exact,1954658068,3
timeblock,timeblock,multiplePeopleChaotic.csv,4477,5597,T3,A4,moving,unseen,exact,1218999588,2
timeblock,timeblock,multiplePeopleChaotic.csv,4477,5597,T3,A4,moving,unseen,translated,1127923152,5
timeblock,timeblock,multiplePeopleChaotic.csv,4477,5597,T3,A4,moving,unseen,translated,1926383459,1
timeblock,timeblock,multiplePeopleChaotic.csv,4477,5597,T3,A4,moving,unseen,translated,1954658068,4
timeblock,timeblock,multiplePeopleChaotic.csv,4477,5597,T3,A4,moving,unseen,translated,2958237382,2
timeblock,timeblock,multiplePeopleChaotic.csv,4477,5597,T3,A4,moving,unseen,translated,621272063,0
timeblock,timeblock,multiplePeopleChaotic.csv,4477,5597,T3,A4,moving,unseen,translated,783180208,4
timeblock,timeblock,onePersonMovingFrontAndBack.csv,3301,4127,T3,A3,moving,earlier_stream,translated,621272063,3
timeblock,timeblock,onePersonMovingFrontAndBack.csv,3301,4127,T3,A3,moving,unseen,exact,1926383459,5
timeblock,timeblock,onePersonMovingFrontAndBack.csv,3301,4127,T3,A3,moving,unseen,exact,4165129670,5
timeblock,timeblock,onePersonMovingFrontAndBack.csv,3301,4127,T3,A3,moving,unseen,translated,4165129670,5
timeblock,timeblock,onePersonMovingFrontAndBack.csv,3301,4127,T3,A3,moving,unseen,translated,621272063,1
timeblock,timeblock,onePersonMovingFrontAndBack.csv,3301,4127,T3,A4,moving,earlier_stream,translated,621272063,3
timeblock,timeblock,onePersonMovingFrontAndBack.csv,3301,4127,T3,A4,moving,unseen,exact,1926383459,5
timeblock,timeblock,onePersonMovingFrontAndBack.csv,3301,4127,T3,A4,moving,unseen,exact,4165129670,5
timeblock,timeblock,onePersonMovingFrontAndBack.csv,3301,4127,T3,A4,moving,unseen,translated,4165129670,5
timeblock,timeblock,onePersonMovingFrontAndBack.csv,3301,4127,T3,A4,moving,unseen,translated,621272063,1
timeblock,timeblock,onePersonMovingFrontAndBack.csv,3301,4127,T4,A2,moving,not_applicable,not_applicable,1218999588,3
timeblock,timeblock,onePersonMovingFrontAndBack.csv,3301,4127,T4,A2,moving,not_applicable,not_applicable,1926383459,4
timeblock,timeblock,onePersonMovingFrontAndBack.csv,3301,4127,T4,A2,moving,not_applicable,not_applicable,4165129670,2
timeblock,timeblock,onePersonMovingFrontAndBack.csv,3301,4127,T4,A2,moving,not_applicable,not_applicable,621272063,3
timeblock,timeblock,onePersonMovingFrontAndBack.csv,3301,4127,T4,A3,moving,not_applicable,not_applicable,1218999588,3
timeblock,timeblock,onePersonMovingFrontAndBack.csv,3301,4127,T4,A3,moving,not_applicable,not_applicable,1926383459,4
timeblock,timeblock,onePersonMovingFrontAndBack.csv,3301,4127,T4,A3,moving,not_applicable,not_applicable,4165129670,2
timeblock,timeblock,onePersonMovingFrontAndBack.csv,3301,4127,T4,A3,moving,not_applicable,not_applicable,621272063,3
timeblock,timeblock,onePersonMovingFrontAndBack.csv,3301,4127,T4,A4,moving,not_applicable,not_applicable,1218999588,3
timeblock,timeblock,onePersonMovingFrontAndBack.csv,3301,4127,T4,A4,moving,not_applicable,not_applicable,1926383459,4
timeblock,timeblock,onePersonMovingFrontAndBack.csv,3301,4127,T4,A4,moving,not_applicable,not_applicable,4165129670,2
timeblock,timeblock,onePersonMovingFrontAndBack.csv,3301,4127,T4,A4,moving,not_applicable,not_applicable,621272063,3
timeblock,timeblock,onePersonMovingSideToSide.csv,3994,4993,T1,A3,moving,not_applicable,not_applicable,783180208,0
timeblock,timeblock,onePersonMovingSideToSide.csv,3994,4993,T1,A3,static,not_applicable,not_applicable,592467769,2
timeblock,timeblock,onePersonMovingSideToSide.csv,3994,4993,T1,A3,static,not_applicable,not_applicable,621272063,2
timeblock,timeblock,onePersonMovingSideToSide.csv,3994,4993,T1,A3,static,not_applicable,not_applicable,783180208,5
timeblock,timeblock,onePersonMovingSideToSide.csv,3994,4993,T1,A4,static,not_applicable,not_applicable,1127923152,1
timeblock,timeblock,onePersonMovingSideToSide.csv,3994,4993,T1,A4,static,not_applicable,not_applicable,1926383459,5
timeblock,timeblock,onePersonMovingSideToSide.csv,3994,4993,T1,A4,static,not_applicable,not_applicable,592467769,2
timeblock,timeblock,onePersonMovingSideToSide.csv,3994,4993,T1,A4,static,not_applicable,not_applicable,621272063,2
timeblock,timeblock,onePersonMovingSideToSide.csv,3994,4993,T1,A4,static,not_applicable,not_applicable,783180208,5
timeblock,timeblock,onePersonMovingSideToSide.csv,3994,4993,T2,A4,moving,not_applicable,not_applicable,783180208,1
timeblock,timeblock,onePersonMovingSideToSide.csv,3994,4993,T3,A3,moving,earlier_stream,exact,1926383459,2
timeblock,timeblock,onePersonMovingSideToSide.csv,3994,4993,T3,A3,moving,earlier_stream,exact,1954658068,2
timeblock,timeblock,onePersonMovingSideToSide.csv,3994,4993,T3,A3,moving,earlier_stream,exact,1954658068,3
timeblock,timeblock,onePersonMovingSideToSide.csv,3994,4993,T3,A3,moving,earlier_stream,exact,4165129670,2
timeblock,timeblock,onePersonMovingSideToSide.csv,3994,4993,T3,A3,moving,earlier_stream,exact,4165129670,3
timeblock,timeblock,onePersonMovingSideToSide.csv,3994,4993,T3,A3,moving,earlier_stream,translated,4165129670,0
timeblock,timeblock,onePersonMovingSideToSide.csv,3994,4993,T3,A3,moving,training,translated,783180208,3
timeblock,timeblock,onePersonMovingSideToSide.csv,3994,4993,T3,A3,moving,unseen,exact,783180208,5
timeblock,timeblock,onePersonMovingSideToSide.csv,3994,4993,T3,A3,moving,unseen,translated,4165129670,5
timeblock,timeblock,onePersonMovingSideToSide.csv,3994,4993,T3,A3,moving,unseen,translated,621272063,2
timeblock,timeblock,onePersonMovingSideToSide.csv,3994,4993,T3,A4,moving,earlier_stream,exact,1926383459,2
timeblock,timeblock,onePersonMovingSideToSide.csv,3994,4993,T3,A4,moving,earlier_stream,exact,1954658068,2
timeblock,timeblock,onePersonMovingSideToSide.csv,3994,4993,T3,A4,moving,earlier_stream,exact,1954658068,3
timeblock,timeblock,onePersonMovingSideToSide.csv,3994,4993,T3,A4,moving,earlier_stream,exact,4165129670,2
timeblock,timeblock,onePersonMovingSideToSide.csv,3994,4993,T3,A4,moving,earlier_stream,exact,4165129670,3
timeblock,timeblock,onePersonMovingSideToSide.csv,3994,4993,T3,A4,moving,earlier_stream,translated,4165129670,0
timeblock,timeblock,onePersonMovingSideToSide.csv,3994,4993,T3,A4,moving,training,translated,783180208,3
timeblock,timeblock,onePersonMovingSideToSide.csv,3994,4993,T3,A4,moving,unseen,exact,783180208,5
timeblock,timeblock,onePersonMovingSideToSide.csv,3994,4993,T3,A4,moving,unseen,translated,4165129670,5
timeblock,timeblock,onePersonMovingSideToSide.csv,3994,4993,T3,A4,moving,unseen,translated,621272063,2
