tag,ae_artifact_id,detector_profile,fusion_m,fusion_n,learned_alone,soft_quantile,split,part,file,segment_lo,kind,start_cycle,recording_cycle,start_time_s,start_frame_index,last_cycle,alert_object_cycles,track_id,track_age_cycles,track_born_cycle,track_born_by_jump,track_moving_points,slot_diagnostic_only,in_roi,moving,x,y,trigger,reasons_now,reasons_hard_now,reason_classes_now,vote_window_reasons,votes_flagged,votes_required,votes_window,scores,evidence,has_persistence_record
timeblock,2ad682efc017e2cf96d856772b20db898edd6c1e253947b3df013a671f067115,legacy,4,6,False,0.9999,timeblock,test,onePersonMovingFrontAndBack.csv,3301,object,275,3576,9.1309,6256,278,4,196,18,258,False,16,13,True,False,0.6,0.0,persistence,RCS_STD,,empirical_tail,"{""RCS_STD"": 4}",4,4,6,"{""accel"": 0.0, ""ae"": 1.0407, ""pos_speed"": 0.6083, ""rcs_std"": 1.6653, ""rr_resid"": 0.2469}","[{""basis"": ""exact_frame"", ""class"": ""empirical_tail"", ""expected"": null, ""hi"": 1.3759474079618923, ""lo"": null, ""normalized"": 1.2103171894045446, ""observed"": 1.665332799572906, ""reason"": ""RCS_STD"", ""scope"": ""object"", ""status"": ""trigger"", ""support"": null}]",True
timeblock,2ad682efc017e2cf96d856772b20db898edd6c1e253947b3df013a671f067115,legacy,4,6,False,0.9999,timeblock,test,onePersonMovingFrontAndBack.csv,3301,object,297,3598,9.861500000000001,6833,312,16,196,40,258,False,24,13,True,False,0.6,0.0,persistence,RCS_STD;RCS_BAND,,empirical_tail,"{""RCS_BAND"": 4, ""RCS_STD"": 1}",4,4,6,"{""accel"": 0.0, ""ae"": 1.4192, ""pos_speed"": 0.43, ""rcs_std"": 1.4079, ""rr_resid"": 0.5889}","[{""basis"": ""exact_frame"", ""class"": ""empirical_tail"", ""expected"": null, ""hi"": 1.3759474079618923, ""lo"": null, ""normalized"": 1.0232325237500535, ""observed"": 1.4079141387961915, ""reason"": ""RCS_STD"", ""scope"": ""object"", ""status"": ""trigger"", ""support"": null}, {""basis"": ""exact_frame"", ""class"": ""empirical_tail"", ""expected"": null, ""hi"": 21.0, ""lo"": 16.0, ""normalized"": null, ""observed"": 22.0, ""reason"": ""RCS_BAND"", ""scope"": ""object"", ""status"": ""trigger"", ""support"": {""n"": 294, ""range_bin"": [0.0, 1.0], ""status"": ""supported""}}]",True
timeblock,2ad682efc017e2cf96d856772b20db898edd6c1e253947b3df013a671f067115,legacy,4,6,False,0.9999,timeblock,test,multiplePeopleChaotic.csv,4477,object,1052,5529,34.9309,26462,1056,5,742,23,1028,False,22,45,True,True,6.0,5.6,persistence,RR_RESID,,empirical_tail,"{""RR_RESID"": 4}",4,4,6,"{""accel"": 7.485, ""ae"": 4.8221, ""pos_speed"": 2.922, ""rcs_std"": 0.8327, ""rr_resid"": 1.4576}","[{""basis"": ""exact_frame"", ""class"": ""empirical_tail"", ""expected"": -0.05783587291731967, ""hi"": 1.008429961562992, ""lo"": -1.1241017073976312, ""normalized"": 1.3670452933050634, ""observed"": 1.399797817520986, ""reason"": ""RR_RESID"", ""scope"": ""object"", ""status"": ""trigger"", ""support"": null}]",True
loso_onePersonMovingFrontAndBack,667a9e9168bea46cfd0fd484cd18db05381923f8268bcd1330788736a8f3de90,legacy,4,6,False,1.0,loso,test,onePersonMovingFrontAndBack.csv,0,cycle,3,3,0.0429,74,3,0,,,,,,,,,,,hard,CADENCE,CADENCE,empirical_tail,,,,,,"[{""basis"": ""header_or_unknown_object"", ""class"": ""empirical_tail"", ""expected"": null, ""hi"": 339.0, ""lo"": 324.0, ""normalized"": null, ""observed"": 304.0, ""reason"": ""CADENCE"", ""scope"": ""cycle"", ""status"": ""trigger"", ""support"": null}]",
loso_onePersonMovingFrontAndBack,667a9e9168bea46cfd0fd484cd18db05381923f8268bcd1330788736a8f3de90,legacy,4,6,False,1.0,loso,test,onePersonMovingFrontAndBack.csv,0,object,2283,2283,75.74080000000001,55067,2286,4,1398,1,2283,False,1,53,False,True,18.6,6.6,hard,SLOT_RANGE,SLOT_RANGE,empirical_tail,"{""SLOT_RANGE"": 1}",1,4,6,{},"[{""basis"": ""exact_frame"", ""class"": ""empirical_tail"", ""expected"": null, ""hi"": 52.0, ""lo"": null, ""normalized"": null, ""observed"": 53.0, ""reason"": ""SLOT_RANGE"", ""scope"": ""object"", ""status"": ""trigger"", ""support"": null}]",False
loso_onePersonMovingFrontAndBack,667a9e9168bea46cfd0fd484cd18db05381923f8268bcd1330788736a8f3de90,legacy,4,6,False,1.0,loso,test,onePersonMovingFrontAndBack.csv,0,object,3576,3576,118.6713,84626,3578,3,2269,18,3559,False,16,13,True,False,0.6,0.0,persistence,RCS_STD,,empirical_tail,"{""RCS_STD"": 4}",4,4,6,"{""accel"": 0.0, ""ae"": 1.2637, ""pos_speed"": 0.6083, ""rcs_std"": 1.6653, ""rr_resid"": 0.2385}","[{""basis"": ""exact_frame"", ""class"": ""empirical_tail"", ""expected"": null, ""hi"": 1.5999999999999999, ""lo"": null, ""normalized"": 1.0408329997330663, ""observed"": 1.665332799572906, ""reason"": ""RCS_STD"", ""scope"": ""object"", ""status"": ""trigger"", ""support"": null}]",True
loso_onePersonMovingFrontAndBack,667a9e9168bea46cfd0fd484cd18db05381923f8268bcd1330788736a8f3de90,legacy,4,6,False,1.0,loso,test,onePersonMovingFrontAndBack.csv,0,object,3605,3605,119.6342,85390,3612,8,2269,47,3559,False,31,13,True,True,0.8,-0.2,persistence,RCS_STD,,empirical_tail,"{""RCS_STD"": 4}",4,4,6,"{""accel"": 7.5529, ""ae"": 8.681, ""pos_speed"": 0.6088, ""rcs_std"": 1.8184, ""rr_resid"": 0.4316}","[{""basis"": ""exact_frame"", ""class"": ""empirical_tail"", ""expected"": null, ""hi"": 1.5999999999999999, ""lo"": null, ""normalized"": 1.136515141415488, ""observed"": 1.8184242262647805, ""reason"": ""RCS_STD"", ""scope"": ""object"", ""status"": ""trigger"", ""support"": null}]",True
loso_onePersonMovingSideToSide,e8ac7fab1b8dd0295e1b23ee56c54da59d375ff7625c39703cd04e4237f24b27,legacy,5,8,False,1.0,loso,test,onePersonMovingSideToSide.csv,0,object,380,380,12.5774,9262,380,1,249,15,366,False,15,31,True,True,2.4,0.2,hard,RCS_RANGE;RCS_BAND,RCS_RANGE,empirical_tail,"{""RCS_BAND"": 1, ""RCS_RANGE"": 1}",1,5,8,"{""accel"": 0.0, ""ae"": 0.9003, ""pos_speed"": 0.6083, ""rcs_std"": 1.0625, ""rr_resid"": 0.093}","[{""basis"": ""exact_frame"", ""class"": ""empirical_tail"", ""expected"": null, ""hi"": 22.0, ""lo"": 13.0, ""normalized"": null, ""observed"": 23.0, ""reason"": ""RCS_RANGE"", ""scope"": ""object"", ""status"": ""trigger"", ""support"": null}, {""basis"": ""exact_frame"", ""class"": ""empirical_tail"", ""expected"": null, ""hi"": 22.0, ""lo"": 16.0, ""normalized"": null, ""observed"": 23.0, ""reason"": ""RCS_BAND"", ""scope"": ""object"", ""status"": ""trigger"", ""support"": {""n"": 257, ""range_bin"": [2.0, 3.0], ""status"": ""supported""}}]",False
loso_onePersonMovingSideToSide,e8ac7fab1b8dd0295e1b23ee56c54da59d375ff7625c39703cd04e4237f24b27,legacy,5,8,False,1.0,loso,test,onePersonMovingSideToSide.csv,0,object,3030,3030,100.566,73080,3033,4,1005,754,2277,False,151,32,True,True,5.4,5.0,persistence,REPLAY,,replay,"{""REPLAY"": 5}",5,5,8,"{""accel"": 0.0, ""ae"": 0.7166, ""pos_speed"": 0.9615, ""rcs_std"": 0.0, ""replay_run"": 5.0, ""replay_src"": 1.0, ""rr_resid"": 0.1486}","[{""basis"": ""exact_frame"", ""class"": ""replay"", ""expected"": null, ""hi"": null, ""lo"": null, ""normalized"": null, ""observed"": null, ""reason"": ""REPLAY"", ""scope"": ""object"", ""status"": ""trigger"", ""support"": null}]",True
loso_multiplePeopleChaotic,dec99317352832942b7ae3720cba6a7fbaf6d9ffbf0e719f7ca15e059feb598b,legacy,4,6,False,1.0,loso,test,multiplePeopleChaotic.csv,0,object,2163,2163,71.77510000000001,49754,2164,2,1215,4,2160,False,4,3,True,True,10.4,1.4,persistence,RCS_BAND,,empirical_tail,"{""RCS_BAND"": 4}",4,4,6,"{""accel"": 0.0}","[{""basis"": ""exact_frame"", ""class"": ""empirical_tail"", ""expected"": null, ""hi"": 17.0, ""lo"": 16.0, ""normalized"": null, ""observed"": 15.0, ""reason"": ""RCS_BAND"", ""scope"": ""object"", ""status"": ""trigger"", ""support"": {""n"": 8960, ""range_bin"": [10.0, 11.0], ""status"": ""supported""}}]",True
loso_multiplePeopleChaotic,dec99317352832942b7ae3720cba6a7fbaf6d9ffbf0e719f7ca15e059feb598b,legacy,4,6,False,1.0,loso,test,multiplePeopleChaotic.csv,0,object,2166,2166,71.8747,49837,2175,10,1215,6,2160,False,6,3,True,True,10.4,1.2,persistence,RCS_BAND,,empirical_tail,"{""RCS_BAND"": 1}",1,4,6,"{""accel"": 3.7651}","[{""basis"": ""exact_frame"", ""class"": ""empirical_tail"", ""expected"": null, ""hi"": 17.0, ""lo"": 16.0, ""normalized"": null, ""observed"": 15.0, ""reason"": ""RCS_BAND"", ""scope"": ""object"", ""status"": ""trigger"", ""support"": {""n"": 8960, ""range_bin"": [10.0, 11.0], ""status"": ""supported""}}]",True
loso_multiplePeopleChaotic,dec99317352832942b7ae3720cba6a7fbaf6d9ffbf0e719f7ca15e059feb598b,legacy,4,6,False,1.0,loso,test,multiplePeopleChaotic.csv,0,object,2182,2182,72.406,50259,2182,1,1233,4,2179,False,4,3,True,True,10.0,0.8,persistence,RCS_BAND,,empirical_tail,"{""RCS_BAND"": 4}",4,4,6,"{""accel"": 0.0}","[{""basis"": ""exact_frame"", ""class"": ""empirical_tail"", ""expected"": null, ""hi"": 17.0, ""lo"": 16.0, ""normalized"": null, ""observed"": 15.0, ""reason"": ""RCS_BAND"", ""scope"": ""object"", ""status"": ""trigger"", ""support"": {""n"": 8960, ""range_bin"": [10.0, 11.0], ""status"": ""supported""}}]",True
loso_multiplePeopleChaotic,dec99317352832942b7ae3720cba6a7fbaf6d9ffbf0e719f7ca15e059feb598b,legacy,4,6,False,1.0,loso,test,multiplePeopleChaotic.csv,0,object,2196,2196,72.8709,50666,2196,1,1247,8,2189,False,8,46,False,True,34.8,13.0,hard,ARRIVAL,ARRIVAL,empirical_tail,"{""ARRIVAL"": 1}",1,4,6,{},"[{""basis"": ""exact_frame"", ""class"": ""empirical_tail"", ""expected"": null, ""hi"": 72.0, ""lo"": 0.0, ""normalized"": null, ""observed"": 75.0, ""reason"": ""ARRIVAL"", ""scope"": ""object"", ""status"": ""trigger"", ""support"": null}]",False
loso_multiplePeopleChaotic,dec99317352832942b7ae3720cba6a7fbaf6d9ffbf0e719f7ca15e059feb598b,legacy,4,6,False,1.0,loso,test,multiplePeopleChaotic.csv,0,object,2353,2353,78.08380000000001,54608,2355,3,1370,5,2349,False,5,45,True,True,9.0,4.4,persistence,RCS_BAND,,empirical_tail,"{""RCS_BAND"": 4}",4,4,6,"{""accel"": 0.0}","[{""basis"": ""exact_frame"", ""class"": ""empirical_tail"", ""expected"": null, ""hi"": 17.0, ""lo"": 16.0, ""normalized"": null, ""observed"": 15.0, ""reason"": ""RCS_BAND"", ""scope"": ""object"", ""status"": ""trigger"", ""support"": {""n"": 8960, ""range_bin"": [10.0, 11.0], ""status"": ""supported""}}]",True
loso_multiplePeopleChaotic,dec99317352832942b7ae3720cba6a7fbaf6d9ffbf0e719f7ca15e059feb598b,legacy,4,6,False,1.0,loso,test,multiplePeopleChaotic.csv,0,object,2358,2358,78.25,54735,2358,1,1370,10,2349,False,10,45,True,True,8.8,4.4,persistence,RCS_BAND,,empirical_tail,"{""RCS_BAND"": 2}",2,4,6,"{""accel"": 0.0}","[{""basis"": ""exact_frame"", ""class"": ""empirical_tail"", ""expected"": null, ""hi"": 19.0, ""lo"": 16.0, ""normalized"": null, ""observed"": 15.0, ""reason"": ""RCS_BAND"", ""scope"": ""object"", ""status"": ""trigger"", ""support"": {""n"": 10892, ""range_bin"": [9.0, 10.0], ""status"": ""supported""}}]",True
loso_multiplePeopleChaotic,dec99317352832942b7ae3720cba6a7fbaf6d9ffbf0e719f7ca15e059feb598b,legacy,4,6,False,1.0,loso,test,multiplePeopleChaotic.csv,0,object,2360,2360,78.3165,54789,2363,4,1370,12,2349,False,12,45,True,True,8.8,4.4,persistence,RCS_BAND,,empirical_tail,"{""RCS_BAND"": 1}",1,4,6,"{""accel"": 0.0, ""ae"": 29.617}","[{""basis"": ""exact_frame"", ""class"": ""empirical_tail"", ""expected"": null, ""hi"": 19.0, ""lo"": 16.0, ""normalized"": null, ""observed"": 15.0, ""reason"": ""RCS_BAND"", ""scope"": ""object"", ""status"": ""trigger"", ""support"": {""n"": 10892, ""range_bin"": [9.0, 10.0], ""status"": ""supported""}}]",True
loso_multiplePeopleChaotic,dec99317352832942b7ae3720cba6a7fbaf6d9ffbf0e719f7ca15e059feb598b,legacy,4,6,False,1.0,loso,test,multiplePeopleChaotic.csv,0,object,2386,2386,79.1794,55461,2390,5,1396,4,2383,False,4,45,True,True,7.4,4.4,persistence,RCS_BAND,,empirical_tail,"{""RCS_BAND"": 4}",4,4,6,"{""accel"": 0.0}","[{""basis"": ""exact_frame"", ""class"": ""empirical_tail"", ""expected"": null, ""hi"": 19.0, ""lo"": 16.0, ""normalized"": null, ""observed"": 15.0, ""reason"": ""RCS_BAND"", ""scope"": ""object"", ""status"": ""trigger"", ""support"": {""n"": 20322, ""range_bin"": [8.0, 9.0], ""status"": ""supported""}}]",True
loso_multiplePeopleChaotic,dec99317352832942b7ae3720cba6a7fbaf6d9ffbf0e719f7ca15e059feb598b,legacy,4,6,False,1.0,loso,test,multiplePeopleChaotic.csv,0,object,2613,2613,86.7174,61435,2621,9,1590,7,2607,False,7,50,True,True,10.0,9.8,hard,SPEED,SPEED,empirical_tail,"{""SPEED"": 1}",1,4,6,"{""accel"": 10.6814}","[{""basis"": ""exact_frame"", ""class"": ""empirical_tail"", ""expected"": null, ""hi"": 4.373105625617661, ""lo"": null, ""normalized"": null, ""observed"": 4.596194077712559, ""reason"": ""SPEED"", ""scope"": ""object"", ""status"": ""trigger"", ""support"": null}]",False
loso_multiplePeopleChaotic,dec99317352832942b7ae3720cba6a7fbaf6d9ffbf0e719f7ca15e059feb598b,legacy,4,6,False,1.0,loso,test,multiplePeopleChaotic.csv,0,object,2618,2618,86.8836,61603,2618,1,1596,5,2614,False,5,23,False,True,35.0,12.8,hard,ARRIVAL,ARRIVAL,empirical_tail,"{""ARRIVAL"": 1}",1,4,6,{},"[{""basis"": ""exact_frame"", ""class"": ""empirical_tail"", ""expected"": null, ""hi"": 72.0, ""lo"": 0.0, ""normalized"": null, ""observed"": 75.0, ""reason"": ""ARRIVAL"", ""scope"": ""object"", ""status"": ""trigger"", ""support"": null}]",False
loso_multiplePeopleChaotic,dec99317352832942b7ae3720cba6a7fbaf6d9ffbf0e719f7ca15e059feb598b,legacy,4,6,False,1.0,loso,test,multiplePeopleChaotic.csv,0,object,2620,2620,86.95020000000001,61666,2622,3,1596,7,2614,False,7,23,False,True,35.0,13.0,hard,ARRIVAL,ARRIVAL,empirical_tail,"{""ARRIVAL"": 1}",1,4,6,{},"[{""basis"": ""exact_frame"", ""class"": ""empirical_tail"", ""expected"": null, ""hi"": 72.0, ""lo"": 0.0, ""normalized"": null, ""observed"": 74.0, ""reason"": ""ARRIVAL"", ""scope"": ""object"", ""status"": ""trigger"", ""support"": null}]",False
loso_multiplePeopleChaotic,dec99317352832942b7ae3720cba6a7fbaf6d9ffbf0e719f7ca15e059feb598b,legacy,4,6,False,1.0,loso,test,multiplePeopleChaotic.csv,0,object,2621,2621,86.98360000000001,61698,2621,1,1600,2,2620,False,0,14,False,False,22.2,14.4,hard,ARRIVAL,ARRIVAL,empirical_tail,"{""ARRIVAL"": 1}",1,4,6,{},"[{""basis"": ""exact_frame"", ""class"": ""empirical_tail"", ""expected"": null, ""hi"": 72.0, ""lo"": 0.0, ""normalized"": null, ""observed"": 74.0, ""reason"": ""ARRIVAL"", ""scope"": ""object"", ""status"": ""trigger"", ""support"": null}]",False
loso_multiplePeopleChaotic,dec99317352832942b7ae3720cba6a7fbaf6d9ffbf0e719f7ca15e059feb598b,legacy,4,6,False,1.0,loso,test,multiplePeopleChaotic.csv,0,object,2797,2797,92.8272,66153,2800,4,1716,11,2787,False,11,0,True,True,9.0,4.4,persistence,RCS_BAND,,empirical_tail,"{""RCS_BAND"": 5}",5,4,6,"{""accel"": 10.6172, ""ae"": 23.8835}","[{""basis"": ""exact_frame"", ""class"": ""empirical_tail"", ""expected"": null, ""hi"": 17.0, ""lo"": 16.0, ""normalized"": null, ""observed"": 14.0, ""reason"": ""RCS_BAND"", ""scope"": ""object"", ""status"": ""trigger"", ""support"": {""n"": 8960, ""range_bin"": [10.0, 11.0], ""status"": ""supported""}}]",True
loso_multiplePeopleChaotic,dec99317352832942b7ae3720cba6a7fbaf6d9ffbf0e719f7ca15e059feb598b,legacy,4,6,False,1.0,loso,test,multiplePeopleChaotic.csv,0,object,2805,2805,93.09280000000001,66345,2806,2,1716,19,2787,False,19,0,True,True,8.8,4.4,persistence,RCS_BAND,,empirical_tail,"{""RCS_BAND"": 4}",4,4,6,"{""accel"": 0.0, ""ae"": 34.9344, ""pos_speed"": 0.8608, ""rcs_std"": 0.5963, ""rr_resid"": 0.0953}","[{""basis"": ""exact_frame"", ""class"": ""empirical_tail"", ""expected"": null, ""hi"": 19.0, ""lo"": 16.0, ""normalized"": null, ""observed"": 15.0, ""reason"": ""RCS_BAND"", ""scope"": ""object"", ""status"": ""trigger"", ""support"": {""n"": 10892, ""range_bin"": [9.0, 10.0], ""status"": ""supported""}}]",True
loso_multiplePeopleChaotic,dec99317352832942b7ae3720cba6a7fbaf6d9ffbf0e719f7ca15e059feb598b,legacy,4,6,False,1.0,loso,test,multiplePeopleChaotic.csv,0,object,2814,2814,93.39160000000001,66556,2814,1,1733,4,2811,False,4,0,True,True,8.6,4.4,persistence,RCS_BAND,,empirical_tail,"{""RCS_BAND"": 4}",4,4,6,"{""accel"": 0.0}","[{""basis"": ""exact_frame"", ""class"": ""empirical_tail"", ""expected"": null, ""hi"": 19.0, ""lo"": 16.0, ""normalized"": null, ""observed"": 14.0, ""reason"": ""RCS_BAND"", ""scope"": ""object"", ""status"": ""trigger"", ""support"": {""n"": 10892, ""range_bin"": [9.0, 10.0], ""status"": ""supported""}}]",True
loso_multiplePeopleChaotic,dec99317352832942b7ae3720cba6a7fbaf6d9ffbf0e719f7ca15e059feb598b,legacy,4,6,False,1.0,loso,test,multiplePeopleChaotic.csv,0,object,3019,3019,100.199,71483,3020,2,1847,86,2934,False,0,24,True,False,3.4,-0.4,persistence,RCS_BAND,,empirical_tail,"{""RCS_BAND"": 6}",6,4,6,"{""accel"": 0.0, ""ae"": 0.0245, ""pos_speed"": 0.0, ""rcs_std"": 0.4714, ""rr_resid"": 0.0}","[{""basis"": ""exact_frame"", ""class"": ""empirical_tail"", ""expected"": null, ""hi"": 21.0, ""lo"": 16.0, ""normalized"": null, ""observed"": 22.0, ""reason"": ""RCS_BAND"", ""scope"": ""object"", ""status"": ""trigger"", ""support"": {""n"": 14129, ""range_bin"": [3.0, 4.0], ""status"": ""supported""}}]",True
loso_multiplePeopleChaotic,dec99317352832942b7ae3720cba6a7fbaf6d9ffbf0e719f7ca15e059feb598b,legacy,4,6,False,1.0,loso,test,multiplePeopleChaotic.csv,0,object,3026,3026,100.43140000000001,71669,3027,2,1847,93,2934,False,0,24,True,False,3.4,-0.6,persistence,RCS_BAND,,empirical_tail,"{""RCS_BAND"": 4}",4,4,6,"{""accel"": 0.0, ""ae"": 0.3715, ""pos_speed"": 0.4302, ""rcs_std"": 0.4989, ""rr_resid"": 0.0219}","[{""basis"": ""exact_frame"", ""class"": ""empirical_tail"", ""expected"": null, ""hi"": 21.0, ""lo"": 16.0, ""normalized"": null, ""observed"": 22.0, ""reason"": ""RCS_BAND"", ""scope"": ""object"", ""status"": ""trigger"", ""support"": {""n"": 14129, ""range_bin"": [3.0, 4.0], ""status"": ""supported""}}]",True
loso_multiplePeopleChaotic,dec99317352832942b7ae3720cba6a7fbaf6d9ffbf0e719f7ca15e059feb598b,legacy,4,6,False,1.0,loso,test,multiplePeopleChaotic.csv,0,object,3072,3072,101.9593,72956,3072,1,1964,1,3072,False,1,42,False,True,34.8,13.2,hard,ARRIVAL,ARRIVAL,empirical_tail,"{""ARRIVAL"": 1}",1,4,6,{},"[{""basis"": ""exact_frame"", ""class"": ""empirical_tail"", ""expected"": null, ""hi"": 72.0, ""lo"": 0.0, ""normalized"": null, ""observed"": 74.0, ""reason"": ""ARRIVAL"", ""scope"": ""object"", ""status"": ""trigger"", ""support"": null}]",False
loso_multiplePeopleChaotic,dec99317352832942b7ae3720cba6a7fbaf6d9ffbf0e719f7ca15e059feb598b,legacy,4,6,False,1.0,loso,test,multiplePeopleChaotic.csv,0,object,3430,3430,113.8465,81576,3438,9,2183,9,3422,False,0,12,True,False,2.8,-2.2,persistence,RCS_BAND,,empirical_tail,"{""RCS_BAND"": 4}",4,4,6,"{""accel"": 0.0}","[{""basis"": ""exact_frame"", ""class"": ""empirical_tail"", ""expected"": null, ""hi"": 21.0, ""lo"": 16.0, ""normalized"": null, ""observed"": 22.0, ""reason"": ""RCS_BAND"", ""scope"": ""object"", ""status"": ""trigger"", ""support"": {""n"": 14129, ""range_bin"": [3.0, 4.0], ""status"": ""supported""}}]",True
loso_multiplePeopleChaotic,dec99317352832942b7ae3720cba6a7fbaf6d9ffbf0e719f7ca15e059feb598b,legacy,4,6,False,1.0,loso,test,multiplePeopleChaotic.csv,0,object,3432,3432,113.9128,81631,3437,6,2185,8,3425,False,0,38,True,False,3.2,-0.2,persistence,RCS_BAND,,empirical_tail,"{""RCS_BAND"": 4}",4,4,6,"{""accel"": 0.0}","[{""basis"": ""exact_frame"", ""class"": ""empirical_tail"", ""expected"": null, ""hi"": 21.0, ""lo"": 16.0, ""normalized"": null, ""observed"": 22.0, ""reason"": ""RCS_BAND"", ""scope"": ""object"", ""status"": ""trigger"", ""support"": {""n"": 14129, ""range_bin"": [3.0, 4.0], ""status"": ""supported""}}]",True
loso_multiplePeopleChaotic,dec99317352832942b7ae3720cba6a7fbaf6d9ffbf0e719f7ca15e059feb598b,legacy,4,6,False,1.0,loso,test,multiplePeopleChaotic.csv,0,object,3445,3445,114.3443,81985,3448,4,2185,21,3425,False,2,38,True,False,3.4,-0.2,persistence,RCS_BAND,,empirical_tail,"{""RCS_BAND"": 4}",4,4,6,"{""accel"": 0.0, ""ae"": 1.9056, ""pos_speed"": 0.4304, ""rcs_std"": 0.4899, ""rr_resid"": 0.3054}","[{""basis"": ""exact_frame"", ""class"": ""empirical_tail"", ""expected"": null, ""hi"": 21.0, ""lo"": 16.0, ""normalized"": null, ""observed"": 22.0, ""reason"": ""RCS_BAND"", ""scope"": ""object"", ""status"": ""trigger"", ""support"": {""n"": 14129, ""range_bin"": [3.0, 4.0], ""status"": ""supported""}}]",True
loso_multiplePeopleChaotic,dec99317352832942b7ae3720cba6a7fbaf6d9ffbf0e719f7ca15e059feb598b,legacy,4,6,False,1.0,loso,test,multiplePeopleChaotic.csv,0,object,3833,3833,127.22720000000001,91867,3836,4,75,3724,110,False,837,32,True,True,5.4,4.8,persistence,REPLAY,,replay,"{""REPLAY"": 6}",6,4,6,"{""accel"": 0.0, ""ae"": 1.6437, ""pos_speed"": 0.6089, ""rcs_std"": 0.0, ""replay_run"": 4.0, ""replay_src"": 1.0, ""rr_resid"": 0.0376}","[{""basis"": ""exact_frame"", ""class"": ""replay"", ""expected"": null, ""hi"": null, ""lo"": null, ""normalized"": null, ""observed"": null, ""reason"": ""REPLAY"", ""scope"": ""object"", ""status"": ""trigger"", ""support"": null}]",True
loso_multiplePeopleChaotic,dec99317352832942b7ae3720cba6a7fbaf6d9ffbf0e719f7ca15e059feb598b,legacy,4,6,False,1.0,loso,test,multiplePeopleChaotic.csv,0,object,3970,3970,131.7761,95139,3970,1,2442,147,3824,False,3,28,True,False,3.4,-0.4,persistence,RCS_BAND,,empirical_tail,"{""RCS_BAND"": 4}",4,4,6,"{""accel"": 0.0, ""ae"": 1.3742, ""pos_speed"": 0.0, ""rcs_std"": 0.4422, ""rr_resid"": 0.0039}","[{""basis"": ""exact_frame"", ""class"": ""empirical_tail"", ""expected"": null, ""hi"": 21.0, ""lo"": 16.0, ""normalized"": null, ""observed"": 22.0, ""reason"": ""RCS_BAND"", ""scope"": ""object"", ""status"": ""trigger"", ""support"": {""n"": 14129, ""range_bin"": [3.0, 4.0], ""status"": ""supported""}}]",True
loso_multiplePeopleChaotic,dec99317352832942b7ae3720cba6a7fbaf6d9ffbf0e719f7ca15e059feb598b,legacy,4,6,False,1.0,loso,test,multiplePeopleChaotic.csv,0,object,4576,4576,151.8973,109954,4578,3,2934,32,4545,False,17,29,True,False,3.4,-0.4,persistence,RCS_BAND,,empirical_tail,"{""RCS_BAND"": 4}",4,4,6,"{""accel"": 0.0, ""ae"": 2.1035, ""pos_speed"": 0.0, ""rcs_std"": 0.4422, ""rr_resid"": 0.0868}","[{""basis"": ""exact_frame"", ""class"": ""empirical_tail"", ""expected"": null, ""hi"": 21.0, ""lo"": 16.0, ""normalized"": null, ""observed"": 22.0, ""reason"": ""RCS_BAND"", ""scope"": ""object"", ""status"": ""trigger"", ""support"": {""n"": 14129, ""range_bin"": [3.0, 4.0], ""status"": ""supported""}}]",True
loso_multiplePeopleChaotic,dec99317352832942b7ae3720cba6a7fbaf6d9ffbf0e719f7ca15e059feb598b,legacy,4,6,False,1.0,loso,test,multiplePeopleChaotic.csv,0,object,4709,4709,156.3135,113429,4709,1,3058,5,4705,False,0,35,False,False,23.2,14.6,hard,ARRIVAL,ARRIVAL,empirical_tail,"{""ARRIVAL"": 1}",1,4,6,{},"[{""basis"": ""exact_frame"", ""class"": ""empirical_tail"", ""expected"": null, ""hi"": 72.0, ""lo"": 0.0, ""normalized"": null, ""observed"": 75.0, ""reason"": ""ARRIVAL"", ""scope"": ""object"", ""status"": ""trigger"", ""support"": null}]",False
loso_multiplePeopleChaotic,dec99317352832942b7ae3720cba6a7fbaf6d9ffbf0e719f7ca15e059feb598b,legacy,4,6,False,1.0,loso,test,multiplePeopleChaotic.csv,0,object,4715,4715,156.5127,113610,4716,2,3065,2,4714,False,2,40,False,True,35.2,12.6,hard,ARRIVAL,ARRIVAL,empirical_tail,"{""ARRIVAL"": 1}",1,4,6,{},"[{""basis"": ""exact_frame"", ""class"": ""empirical_tail"", ""expected"": null, ""hi"": 72.0, ""lo"": 0.0, ""normalized"": null, ""observed"": 74.0, ""reason"": ""ARRIVAL"", ""scope"": ""object"", ""status"": ""trigger"", ""support"": null}]",False
loso_multiplePeopleChaotic,dec99317352832942b7ae3720cba6a7fbaf6d9ffbf0e719f7ca15e059feb598b,legacy,4,6,False,1.0,loso,test,multiplePeopleChaotic.csv,0,object,4716,4716,156.54590000000002,113642,4716,1,3058,12,4705,False,0,35,False,False,23.6,14.4,hard,ARRIVAL,ARRIVAL,empirical_tail,"{""ARRIVAL"": 1}",1,4,6,{},"[{""basis"": ""exact_frame"", ""class"": ""empirical_tail"", ""expected"": null, ""hi"": 72.0, ""lo"": 0.0, ""normalized"": null, ""observed"": 74.0, ""reason"": ""ARRIVAL"", ""scope"": ""object"", ""status"": ""trigger"", ""support"": null}]",False
loso_multiplePeopleChaotic,dec99317352832942b7ae3720cba6a7fbaf6d9ffbf0e719f7ca15e059feb598b,legacy,4,6,False,1.0,loso,test,multiplePeopleChaotic.csv,0,object,4718,4718,156.6124,113706,4720,3,3065,5,4714,False,5,40,False,True,34.8,13.4,hard,ARRIVAL,ARRIVAL,empirical_tail,"{""ARRIVAL"": 1}",1,4,6,{},"[{""basis"": ""exact_frame"", ""class"": ""empirical_tail"", ""expected"": null, ""hi"": 72.0, ""lo"": 0.0, ""normalized"": null, ""observed"": 75.0, ""reason"": ""ARRIVAL"", ""scope"": ""object"", ""status"": ""trigger"", ""support"": null}]",False
loso_multiplePeopleChaotic,dec99317352832942b7ae3720cba6a7fbaf6d9ffbf0e719f7ca15e059feb598b,legacy,4,6,False,1.0,loso,test,multiplePeopleChaotic.csv,0,object,5262,5262,174.6756,127540,5265,4,3319,144,5118,False,38,29,True,True,3.4,-0.4,persistence,RCS_BAND,,empirical_tail,"{""RCS_BAND"": 6}",6,4,6,"{""accel"": 0.0, ""ae"": 2.1709, ""pos_speed"": 0.0, ""rcs_std"": 0.4422, ""rr_resid"": 0.1032}","[{""basis"": ""exact_frame"", ""class"": ""empirical_tail"", ""expected"": null, ""hi"": 21.0, ""lo"": 16.0, ""normalized"": null, ""observed"": 22.0, ""reason"": ""RCS_BAND"", ""scope"": ""object"", ""status"": ""trigger"", ""support"": {""n"": 14129, ""range_bin"": [3.0, 4.0], ""status"": ""supported""}}]",True
loso_multiplePeopleChaotic,dec99317352832942b7ae3720cba6a7fbaf6d9ffbf0e719f7ca15e059feb598b,legacy,4,6,False,1.0,loso,test,multiplePeopleChaotic.csv,0,object,5530,5530,183.57430000000002,134139,5532,3,3542,79,5452,False,0,9,True,False,3.4,-0.4,persistence,RCS_BAND,,empirical_tail,"{""RCS_BAND"": 5}",5,4,6,"{""accel"": 0.0, ""ae"": 0.0259, ""pos_speed"": 0.0, ""rcs_std"": 0.4422, ""rr_resid"": 0.0}","[{""basis"": ""exact_frame"", ""class"": ""empirical_tail"", ""expected"": null, ""hi"": 21.0, ""lo"": 16.0, ""normalized"": null, ""observed"": 22.0, ""reason"": ""RCS_BAND"", ""scope"": ""object"", ""status"": ""trigger"", ""support"": {""n"": 14129, ""range_bin"": [3.0, 4.0], ""status"": ""supported""}}]",True
