attack_type,level,paired_instances,before_identified,before_identification_rate,before_detected,before_exact_frame_recall,before_real_excess_alert_frames,before_undetected_right_censored,after_identified,after_identification_rate,after_detected,after_exact_frame_recall,after_real_excess_alert_frames,after_undetected_right_censored,gained_identified,lost_identified
T1,A0,188,188,1.0,188,0.9995,5518,0,188,1.0,188,0.9964,5518,0,0,0
T1,A1,180,180,1.0,180,0.769,5581,0,180,1.0,180,0.7684,5578,0,0,0
T1,A2,180,180,1.0,180,0.769,5581,0,180,1.0,180,0.7684,5578,0,0,0
T1,A3,186,136,0.7312,139,0.436,714,0,122,0.6559,133,0.2956,739,0,3,17
T1,A4,187,146,0.7807,154,0.3424,799,0,142,0.7594,152,0.3892,809,0,7,11
T2,A0,192,192,1.0,192,0.9995,21570,0,192,1.0,192,0.9924,21564,0,0,0
T2,A1,192,192,1.0,192,0.6852,10286,0,192,1.0,192,0.6521,9045,0,0,0
T2,A2,192,192,1.0,192,0.6852,10286,0,192,1.0,192,0.6521,9045,0,0,0
T2,A3,192,192,1.0,192,0.4454,9004,0,192,1.0,192,0.3804,569,0,0,0
T2,A4,192,191,0.9948,191,0.3907,8071,0,191,0.9948,191,0.4224,621,0,0,0
T3,A3,490,393,0.802,400,0.4396,294,0,383,0.7816,396,0.4092,390,0,15,25
T3,A4,490,393,0.802,400,0.4396,294,0,383,0.7816,396,0.4092,390,0,15,25
T4,A0,49,49,1.0,49,1.0,1997,0,49,1.0,49,1.0,2011,0,0,0
T4,A1,49,49,1.0,49,1.0,2137,0,49,1.0,49,1.0,2147,0,0,0
T4,A2,49,25,0.5102,26,0.1917,197,0,24,0.4898,27,0.181,220,0,3,4
T4,A3,49,23,0.4694,24,0.182,8,0,21,0.4286,22,0.1703,32,0,3,5
T4,A4,49,23,0.4694,24,0.182,8,0,21,0.4286,22,0.1703,32,0,3,5
